PropertyID,PropPrice
1,232822.4557958296
2,189106.20754109047
3,226838.0290372669
4,206904.546458381
5,291068.0470304146
6,183381.528722774
7,274589.8244374179
8,250030.33963658952
9,193281.54666052526
10,91781.43037985866
11,123626.78102700558
12,340334.2773273592
13,135613.53742530392
14,233960.58614743812
15,163971.546725897
16,157882.16265122022
17,175925.20259001662
18,96865.22000332017
19,161937.61018521473
20,126075.44843194539
21,287840.7580903202
22,139288.84852527312
23,253248.63394685532
24,141552.12910856376
25,151649.2106197835
26,260025.00748390803
27,126450.70250355199
28,278612.26625025016
29,194301.72377293927
30,56174.325770023526
31,69475.29227479598
32,125534.00956565884
33,214062.3748928181
34,149543.67864654728
35,268878.91530538746
36,282070.5596108341
37,138445.66215904776
38,160107.24199910456
39,131487.36947508078
40,62566.94358699335
41,163872.74043217942
42,138979.15176961923
43,143019.77988373904
44,123979.85589636292
45,126201.66780223187
46,274695.6807274045
47,286211.28273736354
48,245003.36471374967
49,64534.60532903019
50,131601.84426124406
51,176109.17184920207
52,136816.49349917384
53,102248.69203419289
54,349544.45565335825
55,122569.59812272096
56,191947.6922381544
57,235252.2483238022
58,203985.91269713826
59,386547.06908419647
60,116552.26761725353
61,181586.19057271915
62,97690.22742469229
63,217909.29183709674
64,187983.81127654752
65,266263.1154833903
66,287618.9964555125
67,267907.65883799986
68,235261.33973529743
69,64966.720176931776
70,217531.58470355818
71,308710.0282416254
72,125438.6688125125
73,224049.4736743172
74,149906.1155820505
75,76318.849571204
76,79887.32925227513
77,88889.92735909246
78,136383.96006169828
79,98494.3131810354
80,116771.85100319004
81,210438.64601643992
82,193749.406186578
83,255070.4891726436
84,119109.66830700706
85,189237.32129315636
86,263264.0100404744
87,175989.8431776948
88,140828.2371262446
89,53741.816204541
90,103304.21449483083
91,86927.02494826943
92,135369.0341396681
93,132316.31157717615
94,167441.18691343057
95,202899.4644596614
96,190282.18004560188
97,223828.2510707697
98,106005.01262499524
99,74953.23103523649
100,105861.22122739989
101,224220.46590976536
102,191245.79233162644
103,124325.65483491393
104,199739.88013831244
105,187400.31880393423
106,271195.38322023686
107,86733.24738387867
108,91161.45309891128
109,122606.05138038029
110,214938.0137019255
111,156328.48584256775
112,193161.54666407712
113,313986.06139113684
114,230668.1596433595
115,229527.38830995426
116,189104.52841943424
117,116100.02512150428
118,149618.50497149353
119,330986.7369382819
120,186686.92066797215
121,171208.2917020436
122,71044.33385041893
123,143056.96856987814
124,151212.14368594415
125,198124.86345769587
126,92971.34272922302
127,130076.47614400103
128,79421.18170941477
129,159697.19576338903
130,145080.23623559822
131,228687.35159549635
132,225950.61239866106
133,160589.41624209168
134,244402.9424618959
135,179502.70168754348
136,213221.90869174138
137,131405.18084998717
138,207396.71222429594
139,265451.86809670774
140,212893.60201768408
141,77378.79442957763
142,248758.1981991643
143,119625.97559413014
144,223944.61170270067
145,158691.7324711501
146,175499.75819081042
147,113685.60323929599
148,234620.2882409939
149,174239.33577360597
150,105232.56543163575
151,119971.32873711889
152,290466.1760646098
153,195201.11049079752
154,192821.3960142705
155,110927.05168639429
156,103191.06861076014
157,117714.92376729753
158,249068.38196426127
159,223441.69517548548
160,280107.5111128664
161,171445.20794873624
162,366704.18559098034
163,229156.02267692867
164,75281.912919431
165,152915.81764134218
166,86548.32948335403
167,207986.48003231274
168,298684.4366635347
169,213160.29357414084
170,266368.14654804626
171,141545.8057582461
172,200615.43939516574
173,219585.5408239231
174,177196.91711829696
175,226879.83497269446
176,216469.18857484858
177,217435.7227243574
178,172262.33492458874
179,376871.30504538317
180,115572.09735040386
181,162622.1388301832
182,166031.67731536922
183,147082.2402243384
184,226806.17880411062
185,118220.2893430632
186,387377.7288139335
187,188980.4014346455
188,136490.50204954474
189,163685.49558530905
190,260836.1820931725
191,276356.9346790776
192,206020.89330908484
193,211524.46034336046
194,192829.95131595084
195,111898.25024269013
196,157517.0687992861
197,288096.3345809664
198,253657.000028906
199,128320.30734632083
200,290917.6722762325
201,133560.85859388238
202,181557.49574709008
203,135749.9213428326
204,160461.7130728047
205,113763.01890244771
206,203462.350054145
207,154787.82006819567
208,118094.76551591352
209,256589.2014111364
210,170994.15832986525
211,96983.35104637353
212,173977.68671169283
213,239260.27417637687
214,145015.96622844104
215,151648.60064197276
216,140281.6442134045
217,239882.61310720947
218,82757.29421768815
219,233730.35788565493
220,179521.5563692708
221,214827.70261842659
222,213744.96690301804
223,186735.63448230416
224,109730.33560472944
225,351184.0172703738
226,102043.58436739974
227,271960.1522452632
228,111407.24426523302
229,109106.5055141557
230,207863.40703825818
231,149856.20123483622
232,306932.3052866951
233,113330.72688303939
234,123783.22552198518
235,227439.32065999764
236,109343.35329625587
237,202861.52681592782
238,231008.8552773626
239,254716.17299978447
240,133351.95048350017
241,253602.9325935248
242,107063.83582924314
243,90283.11496208298
244,117964.62846612482
245,249608.98812075373
246,231074.51366434732
247,121194.7074967236
248,156635.37207613882
249,212916.11742998532
250,289667.09322702594
251,55680.8845768818
252,266393.3954805081
253,179874.4114683091
254,154213.6306520879
255,139425.1197937784
256,243822.23032880254
257,196024.7671234511
258,251727.80646978872
259,228521.91421330054
260,88137.58190337758
261,172624.22980323998
262,303307.92950385186
263,174224.48527589338
264,138748.63273419574
265,99862.29315366413
266,197945.20613353516
267,205060.9540449909
268,167560.29506244336
269,91033.15659168303
270,177130.5672485379
271,258441.5840531539
272,220873.11958407197
273,287835.978319428
274,190522.68385597662
275,125642.72125758414
276,183197.57567465072
277,202605.52650594004
278,77828.95346177666
279,312231.115731075
280,221560.67304647632
281,236693.3850582058
282,188462.96402179
283,218097.66743411968
284,240571.51181709944
285,183184.6835767137
286,164150.63726187203
287,193608.61177505658
288,70280.49525440209
289,101210.18106781095
290,158766.42943589122
291,239965.20469147
292,94388.65318874313
293,155429.5115479554
294,262853.6731111429
295,203308.78923494514
296,164193.52569890025
297,116896.27256944613
298,274778.0146676874
299,184839.66100839467
300,146659.3353142541
301,114562.47928659299
302,270648.3998269598
303,229611.26857109988
304,145157.32635546316
305,313369.6746536648
306,301507.4096701129
307,257591.29441365568
308,115264.19757873795
309,93818.94881754482
310,322315.40920136205
311,181895.72362063552
312,153073.8582280837
313,116671.66626217563
314,342473.4873790044
315,172656.81679947028
316,206740.66701579138
317,267785.4995017259
318,258992.811420548
319,294089.37173546595
320,217226.66641774093
321,310950.3352590414
322,311914.71873656043
323,259568.6734404346
324,111179.64211125068
325,266735.08574672864
326,100846.38421317635
327,273229.93719882553
328,152571.5020434979
329,174499.9098957151
330,82348.69898211648
331,119680.03241321951
332,132736.0260584438
333,281160.8285882313
334,215253.67646019885
335,212005.57729823102
336,260385.27229233264
337,319257.43057036883
338,232980.3714728345
339,232059.66545376967
340,170959.29372527156
341,234851.58191168078
342,69502.55060724137
343,61504.38832007024
344,267312.03891636967
345,70271.54423327248
346,134698.88283114095
347,137382.9911227128
348,194303.71533825403
349,203031.08644662355
350,374309.2254577129
351,263618.134851423
352,209330.8994992617
353,92493.49499422807
354,137884.38793700733
355,164564.44000607904
356,173820.70233499547
357,186545.78038167962
358,144021.0740667441
359,107973.47880068449
360,296508.82699983317
361,167276.8686025532
362,139621.63017260938
363,218101.54088145946
364,137574.25129422272
365,195443.763345666
366,117125.62231040726
367,194017.98386467027
368,139148.61935651483
369,142116.9293417844
370,187389.42913088494
371,190364.03814203283
372,115967.67685842793
373,130934.80528894368
374,123990.52024288778
375,217705.50641570508
376,1474.3748267365736
377,125093.60824943558
378,264573.11234519805
379,318872.22899704403
380,195950.81704150242
381,127607.35193306464
382,217901.7820883014
383,216624.23987810317
384,100413.56477309696
385,258439.61589921924
386,215175.25832526188
387,72888.45135519389
388,159183.4884826494
389,200642.4603445327
390,349427.8984518925
391,120819.8152612941
392,220761.96398177996
393,93249.47685557339
394,66723.7710018373
395,96331.15596568557
396,128526.95621480078
397,136424.48537691293
398,152265.0866342737
399,82196.06517859676
400,229988.93620007165
401,237497.7282810776
402,200124.19200004608
403,97775.52688051775
404,274536.022036271
405,180831.14167615172
406,176883.63308690354
407,130773.12641310299
408,149467.63349234406
409,262585.0743759358
410,282399.86053058336
411,100693.73769338871
412,110088.71957433548
413,243692.92153308875
414,113030.04314705932
415,245905.98270235583
416,198294.11370318432
417,168911.0972617307
418,237093.89021200148
419,114339.77107000156
420,137201.60857847534
421,246767.55200673194
422,223232.8911950498
423,109895.00940311255
424,306989.61317597394
425,159245.76265420942
426,164701.85102630738
427,252239.77693215746
428,78636.29473942774
429,219525.5952307481
430,190715.0753169454
431,103462.59938192656
432,112554.55732553473
433,146708.45542910753
434,178918.39834998
435,60836.112547138895
436,221809.42641606252
437,144190.82651957468
438,113056.75612344561
439,95081.7736944477
440,152535.2985103596
441,397884.15205984225
442,77479.61282644166
443,155118.6133690269
444,201645.27738934552
445,228551.5004532722
446,170777.57003114105
447,195274.86783675148
448,224600.41919411617
449,139874.395038305
450,91925.63071219237
451,119010.7023480399
452,250865.45750515984
453,206419.64208072633
454,210954.8949006001
455,179526.66474389567
456,190799.0958206424
457,110565.57920180104
458,199202.81050653584
459,186545.40840594852
460,110670.14867480741
461,255645.9381496954
462,182584.71074146123
463,103378.6163878223
464,149309.73556624525
465,110058.88047512661
466,193108.1799241692
467,206332.13078275742
468,151551.9535197045
469,252540.83665664674
470,188591.0992653924
471,209403.82664871396
472,229463.17305976432
473,148454.9716653568
474,309084.8610507302
475,240030.9118454586
476,153123.91335886111
477,220235.23263247265
478,341678.02864692034
479,288487.99923901143
480,139316.32150152518
481,326160.882439042
482,322614.3383796527
483,179826.71332727122
484,176451.5315957302
485,134484.14988521844
486,124056.20152773174
487,148983.07683294767
488,189225.80952492863
489,156896.67692219687
490,77273.62225964562
491,89179.79354473749
492,157604.3439513523
493,179691.8724934142
494,124001.91733617627
495,101942.79521838255
496,47126.55459809827
497,352804.46911329945
498,177557.59317307905
499,117270.41089328815
500,109851.91009452623
501,127495.66503253201
502,210189.13628372623
503,163972.8325024568
504,267430.8688344582
505,138779.92622113903
506,152887.7859936248
507,243930.20529527246
508,167976.34063794662
509,183172.73882089337
510,133959.37663720065
511,183900.28925603666
512,198844.72627083797
513,117088.62497214871
514,148487.11828745884
515,78533.83026660075
516,346242.89629174897
517,196972.5393915465
518,271769.2325210211
519,204605.8651422814
520,223075.02152154356
521,54477.86122821567
522,147816.3582714711
523,180565.02273885894
524,504580.7387748291
525,289859.09881325427
526,197443.9953803879
527,123092.50250688841
528,362098.1542454836
529,78692.12753403743
530,251695.66221476614
531,189685.34811996183
532,142503.96650747614
533,112010.94948069032
534,-29135.788034368074
535,209256.64318733913
536,93782.5175913643
537,209428.43269540044
538,103130.83764045993
539,144022.17282527417
540,266309.659248982
541,334563.3244488451
542,262135.6649579111
543,227351.09897021097
544,160034.66388337576
545,223674.9687050864
546,249878.56103380793
547,161454.98206028526
548,129163.43044078106
549,131669.00567313563
550,223075.71600962116
551,146745.60100226302
552,99425.52943701888
553,260041.61942076831
554,111076.66867818851
555,271864.8632684246
556,96247.59209407619
557,155136.61999936987
558,98870.0684879562
559,204052.7967740302
560,203254.90690225243
561,173323.46138643834
562,181651.2462802202
563,115670.24508447616
564,177584.06958678213
565,252978.04523334262
566,115026.33073384794
567,315364.5558517681
568,212605.78786720335
569,290863.9366591215
570,134787.57043592614
571,134202.22258190828
572,139474.26424790287
573,203160.55006794634
574,193706.88877806554
575,111996.1361385202
576,112540.78100892788
577,153219.94646778598
578,152758.30238263847
579,172628.89668738405
580,135279.33625977454
581,187239.11346387592
582,275221.13803157484
583,117209.09177058123
584,305783.6605464448
585,116256.56310290712
586,317714.7349236313
587,132130.20696892383
588,125892.90172569966
589,215320.85916767013
590,91651.23106798615
591,196598.81297524468
592,360471.51699060336
593,149195.76942709586
594,157419.28118828515
595,103399.171709355
596,301904.3255242867
597,125119.57460993499
598,200079.28070036747
599,207009.82289137793
600,164882.4113946321
601,268840.1009684546
602,139136.19016794654
603,255570.453584612
604,152891.55213933153
605,230433.8851096267
606,235391.1034632811
607,156255.09787508612
608,196698.83678642777
609,283644.741575046
610,108384.09383240566
611,316165.5904361062
612,153172.6532560713
613,259933.82683402265
614,120320.16339505478
615,50736.95436126103
616,152595.512766205
617,198154.4104986668
618,117963.63082559258
619,313600.3374342032
620,304544.7089497103
621,43953.6108472748
622,237405.0040254444
623,138517.71845528207
624,165620.58880038705
625,199123.47809800698
626,163244.9185296778
627,129644.81828457252
628,171463.36406533333
629,181018.29283382578
630,160560.79573138038
631,125400.39339009032
632,225030.5268418644
633,202624.43621933414
634,127654.29882919471
635,170238.2579587284
636,180962.6796302858
637,20537.352989170264
638,74948.3360836145
639,80796.31965482008
640,272209.1874327442
641,245963.11794079858
642,233707.6374572441
643,308314.2638538907
644,149997.64384033796
645,308920.2692049516
646,143494.04630221953
647,109683.01639825833
648,162840.52218166948
649,170763.97436230007
650,48342.897131365375
651,209759.22155270583
652,101243.49834099096
653,211067.62993060597
654,137017.1646122002
655,322881.1994653791
656,109052.09858286314
657,132308.91076208703
658,152993.76771278895
659,137345.36900262182
660,176518.8756068537
661,218839.9394996951
662,342235.68840240757
663,172778.95455730974
664,119699.13892806359
665,327672.0056697321
666,237250.42186354563
667,206960.65828274086
668,228749.43369668192
669,178294.20775151192
670,80607.21685999952
671,190391.98812956066
672,136693.55673590093
673,181971.27664912143
674,238614.01351765782
675,159890.82217638395
676,153619.31779356173
677,106133.5935304795
678,108041.84252402022
679,284980.83475095255
680,128486.13652247659
681,125670.97205100063
682,119927.07930015761
683,183397.32366365832
684,296812.00936826644
685,203024.6180905162
686,214118.77033220328
687,218011.36911463918
688,148343.87551436585
689,263899.3099189304
690,182355.1042920004
691,157678.48557336637
692,464645.98060112854
693,291708.4132850695
694,97914.28746641557
695,127215.50811723985
696,198202.3250682273
697,79025.0056066423
698,120762.80002976132
699,143281.31011972248
700,181073.52716769683
701,300694.10560524225
702,163340.28843478198
703,305721.80265807244
704,128633.58217059111
705,230731.91080856492
706,23440.742169789213
707,303728.296831019
708,232879.33795559767
709,206112.5513317343
710,106676.34542009394
711,46136.87021701364
712,91562.0149399512
713,208088.20440264294
714,87847.23402774474
715,184038.87189096742
716,170363.7018280748
717,223398.7541745236
718,147705.77283461846
719,299176.5554224107
720,112989.78623147526
721,234472.64381179144
722,152224.67823585588
723,100828.99538605534
724,112128.2179839813
725,313654.4792435084
726,98353.32023090469
727,241839.54224856355
728,221129.82410483563
729,159420.92128963082
730,93661.56075613682
731,236648.12802383592
732,208213.1352553545
733,237050.08168214318
734,139501.64060078692
735,106743.98397071
736,184720.2675979628
737,53590.77457035106
738,247911.95905150037
739,150950.06190824468
740,208081.54649781392
741,140482.833241949
742,150138.81054493532
743,196586.33934697544
744,159662.90294402576
745,222481.47948971024
746,308095.4532030535
747,234586.29383813145
748,243734.8875077324
749,254078.60374780433
750,95758.13208478392
751,80066.2320492297
752,178472.67133909382
753,205032.37944308168
754,269964.8023854974
755,168454.15693083275
756,173307.44232866462
757,228765.25164652354
758,174510.6995533356
759,181998.60747584005
760,292548.7912257726
761,130131.43803056754
762,120906.92294728622
763,199756.30400040685
764,318563.5675519856
765,235634.26780323454
766,260422.77297265767
767,208721.64658961026
768,181503.8971060776
769,236798.968902282
770,417687.53881278366
771,127532.16985115226
772,117284.1670488898
773,150709.5565632245
774,104255.22231305361
775,288130.0269429013
776,177443.50162488688
777,232535.83961249597
778,137702.2207917097
779,171909.66044457865
780,148082.63808992866
781,195595.52392233408
782,176813.8805762058
783,198824.5131165423
784,160724.06285644
785,144963.2341470841
786,177476.81350097407
787,132727.95864908825
788,233572.93929523026
789,90102.73762917452
790,206403.22942165978
791,175202.57416139878
792,155329.59690893049
793,244719.47084845655
794,232163.64099465118
795,213105.48604286663
796,187715.158474801
797,165491.19478233933
798,90992.08620945035
799,367807.3514021867
800,165514.34614301828
801,201170.74225185317
802,122809.20823043538
803,214712.27513201302
804,351662.86706211336
805,114626.48341327712
806,204225.34329195155
807,98580.43817730354
808,158342.00814221366
809,155197.57112761593
810,144653.7282811838
811,172403.13375005836
812,162401.42845828418
813,105068.6735093885
814,152696.48633492622
815,110578.63419256941
816,219623.94037578724
817,113007.77257399105
818,283941.73930425255
819,151065.13038973638
820,217239.85393795016
821,192159.60831203678
822,84765.36627833643
823,211843.9934140147
824,154034.20804430605
825,228432.95553998576
826,361984.0254431355
827,93882.01504751001
828,207470.82479438704
829,198216.201838281
830,155595.82385192742
831,198603.41262757653
832,154175.630726787
833,245519.189104467
834,172098.24327511594
835,142978.46620501365
836,127271.9261999386
837,155681.45708495262
838,117135.80001196056
839,135258.93726352032
840,112428.3493648011
841,132022.07534567395
842,153699.7856717712
843,151045.21136568088
844,100859.98345004005
845,141029.89997453778
846,183794.72051565672
847,228834.20753697757
848,126791.9794493417
849,235071.94254427849
850,195773.962555514
851,156137.21316964293
852,216667.86737458903
853,167877.7999403582
854,164940.99809841526
855,179972.85019685724
856,137682.43301264357
857,144085.46584476117
858,168541.32151249755
859,185539.66957398658
860,263400.0746741402
861,161201.79193445496
862,95344.16765703176
863,153061.84012064463
864,127287.70259943759
865,195617.91254214814
866,136107.4098362712
867,254840.83209551463
868,114267.4151191403
869,186838.2140282116
870,243681.73087927478
871,99355.38178729296
872,186094.20733492362
873,114829.94158508921
874,117955.66126528307
875,87708.02236811124
876,284439.23700361315
877,115308.00422366604
878,318762.2669399516
879,146082.80203035023
880,139202.50077917965
881,165376.90027233542
882,225246.43501890224
883,184014.12043135345
884,126957.67259910454
885,98916.39225372448
886,260913.2674856027
887,155693.98461445578
888,149904.19012976234
889,273088.41184972133
890,184246.27432419563
891,124531.23344165395
892,182934.32731603575
893,153853.75037795934
894,154838.71397642622
895,122601.18038393324
896,186825.78194375848
897,86083.57170843006
898,161556.28685771005
899,383685.34141169925
900,135408.51239134368
901,86796.48051681035
902,151300.65983665647
903,203907.76720078773
904,241789.9375008301
905,110330.48018775802
906,117254.86431789992
907,265991.7714514638
908,208021.01068855202
909,141677.7127702012
910,176156.22063092148
911,176782.83092311193
912,131588.00170579023
913,105182.22734014204
914,148255.21196115293
915,142728.2371262446
916,66706.8234841544
917,26302.98945454962
918,109312.91351554086
919,238202.15770940768
920,203109.22689519255
921,195484.77251449542
922,161489.58814436902
923,184828.26841875177
924,183354.93510875947
925,219239.44190015973
926,148434.45215290674
927,284458.87099536334
928,214864.05102566397
929,245631.09171099906
930,233247.571626559
931,237128.34550066805
932,107180.73052944394
933,291295.62696922524
934,209919.43665397554
935,215488.76357021419
936,84365.9918619792
937,210289.71368298258
938,228319.2325854148
939,232856.65745546087
940,223599.03441683966
941,169781.71132820868
942,258932.4158025852
943,122660.18009349727
944,127966.66069919667
945,186578.17618765336
946,159770.34669248931
947,125966.13984427857
948,284201.09872222785
949,220539.83256661412
950,184810.463455427
951,138653.15582573804
952,130956.77672004129
953,113368.62379117428
954,165186.99783048016
955,112715.48540266827
956,164612.9544882635
957,140302.5325064078
958,121850.7997231995
959,210284.4991619293
960,179548.6595603906
961,120841.55316476812
962,294181.97692514554
963,171252.80502487376
964,266058.8673702562
965,228711.3918726151
966,186485.83097017172
967,133781.24163349016
968,133861.08754831884
969,45188.3777460696
970,114097.15571545422
971,57886.687989408325
972,192480.35100919998
973,117539.04819689642
974,198148.0955312017
975,214284.19253952766
976,178195.66343747915
977,61265.83657266939
978,196826.5091363681
979,92998.6224650091
980,134091.3066811176
981,187851.27872479463
982,319180.07575213467
983,208604.08354399816
984,253735.80797434517
985,129757.79416256204
986,85570.28760835782
987,156875.39411112963
988,325982.3437185114
989,197909.21097230588
990,192415.63365105586
991,297373.90612198313
992,186293.0712544197
993,208062.11357312452
994,170709.51992077404
995,318314.607406934
996,99507.30495378643
997,128294.13489998964
998,201104.0847666061
999,52760.78755032853
1000,215149.44207790322
1001,53599.554920030525
1002,69710.04757101434
1003,249224.2708944876
1004,145816.28636576497
1005,212617.11777080462
1006,127845.8844116024
1007,195601.2610045559
1008,65456.066340426376
1009,242057.31159400387
1010,95125.90626997738
1011,103523.55325482377
1012,98263.50630617581
1013,151139.68433558746
1014,101923.24077345591
1015,134263.0186440152
1016,231180.86076603274
1017,226612.52413946725
1018,208401.19280568857
1019,189986.37973651843
1020,203303.46904564236
1021,154315.29733634042
1022,218842.1321005699
1023,112819.74115482355
1024,204388.23042850228
1025,329530.3013471719
1026,122853.70828007368
1027,168881.43305367482
1028,287634.8477795774
1029,120690.50836366894
1030,129823.4219016582
1031,103783.93430342263
1032,250487.47902713218
1033,304022.6917719523
1034,246752.57636190977
1035,104104.04867151103
1036,60425.4196328321
1037,294895.15653668245
1038,269523.62360050326
1039,79210.20440590929
1040,53973.429134505204
1041,182316.32404901614
1042,174336.9315663157
1043,198835.85050474858
1044,264008.11002720037
1045,295815.51897778874
1046,112095.38720456489
1047,341755.3647242308
1048,133270.480135985
1049,168152.594195964
1050,94671.56434380046
1051,192515.191461964
1052,194674.27991680364
1053,189717.71632366767
1054,144623.12671645166
1055,265528.1465465859
1056,194039.33782166304
1057,219012.27414699906
1058,231377.50738755934
1059,315100.89447453024
1060,193202.82514233747
1061,217024.00975077497
1062,75147.18124997533
1063,113252.01559103273
1064,150539.16764444
1065,140454.72517576825
1066,254374.78043557564
1067,185749.77243185052
1068,193470.40051047734
1069,219854.2414926766
1070,118384.85648827127
1071,133173.6086891794
1072,156937.57048247365
1073,114317.52832186142
1074,163946.79042125185
1075,205831.92339905354
1076,172236.49658596347
1077,165572.40238029676
1078,129926.32157708221
1079,162278.00856365907
1080,120054.65853053963
1081,177934.88833714303
1082,115313.91502823333
1083,208507.6713452319
1084,172122.4547627446
1085,184083.66028142555
1086,161690.33653139888
1087,62629.91297792
1088,259965.62991354172
1089,190987.75819081045
1090,216650.95228678372
1091,56380.05988104001
1092,175351.63989785052
1093,157923.59923714888
1094,177827.17264294322
1095,129983.71490052028
1096,179745.2190353315
1097,126069.26703663034
1098,164285.2271157256
1099,89850.73190381254
1100,210554.66400808003
1101,5105.605149492068
1102,105412.41809462834
1103,137128.80304563115
1104,150799.29010101157
1105,113530.8005510204
1106,309201.3865611792
1107,203609.87563925466
1108,226708.27916725446
1109,187644.80888167198
1110,276546.6724881487
1111,204206.97446814214
1112,221692.71641709373
1113,118793.52134100022
1114,141293.63728910472
1115,103318.1403484335
1116,279742.86777835013
1117,220769.3398871168
1118,140154.45026552505
1119,125154.72615081904
1120,110779.76109398033
1121,114946.3248929355
1122,227913.2513757409
1123,73319.30436102003
1124,95959.55336265502
1125,190372.52644998406
1126,102303.68084174392
1127,219667.97102257996
1128,238030.012081853
1129,220461.4400858468
1130,129937.51562474994
1131,150868.39499521867
1132,102364.18218974641
1133,126514.69191473773
1134,243843.08380504523
1135,184301.58095704022
1136,108547.6314034724
1137,120863.22848971597
1138,91258.6544449829
1139,214754.69843046105
1140,123669.84104955934
1141,134464.7091198747
1142,196573.68716902364
1143,340606.5675071762
1144,80181.44684821703
1145,49194.586116578226
1146,127543.72006414701
1147,192838.84962799065
1148,159943.01889013668
1149,141730.07047164842
1150,177315.76720673108
1151,115126.02729935531
1152,143603.67359923763
1153,198909.8714410864
1154,132289.9527494749
1155,225888.58587422426
1156,199830.66771203832
1157,147139.12284995188
1158,215665.24680954093
1159,243518.50821684097
1160,189929.1671971193
1161,148010.66104148387
1162,219743.2171251245
1163,110772.4044103837
1164,142876.11208011027
1165,168323.98611498903
1166,212049.41014938915
1167,252917.90375618165
1168,208325.50368530172
1169,189463.19940906388
1170,441995.9082334318
1171,139526.6779600355
1172,184243.77590032964
1173,161609.99305111126
1174,225283.744034783
1175,201062.29183831875
1176,293877.53039582015
1177,133042.88264316105
1178,124811.90776674355
1179,109272.70488428703
1180,90394.07452351677
1181,242695.7502947207
1182,252927.905553222
1183,431509.99029677326
1184,143758.87188989512
1185,208731.4236663325
1186,117226.64979059075
1187,62529.00257163435
1188,265184.96547218726
1189,203291.57058498316
1190,211483.34080634185
1191,167573.01430452388
1192,201540.27019184065
1193,121435.69768212189
1194,175488.93050394743
1195,145567.67327970068
1196,182077.66351673397
1197,234827.08533341603
1198,155274.03156205203
1199,191182.42064304982
1200,126376.0985826373
1201,77025.6820732049
1202,199957.42673016072
1203,132867.70484061452
1204,212846.48080983557
1205,144303.33055811815
1206,268043.2650688851
1207,108712.96455495337
1208,219641.28509006955
1209,153503.77131775027
1210,282357.7594667147
1211,207408.87628525044
1212,223788.85351027502
1213,72946.22178732062
1214,119316.21268978604
1215,111055.93010131843
1216,89353.96108242066
1217,155930.28832229003
1218,234557.43381165245
1219,48393.08265834005
1220,111759.66595817305
1221,103188.88063059261
1222,115514.645439052
1223,172227.51752092552
1224,161169.73323798884
1225,227072.49488238298
1226,133313.29340031228
1227,219456.5538135831
1228,158262.5627183704
1229,319313.67061151785
1230,115606.3260503032
1231,206547.09565226873
1232,134068.5161488197
1233,88965.41436785998
1234,146052.0507268194
1235,108482.4615407825
1236,112855.83730204364
1237,183687.9799263577
1238,222596.49334597975
1239,164101.04047500755
1240,239860.6304206149
1241,231829.02523673954
1242,230314.3313998834
1243,185895.31031471273
1244,339878.78292527935
1245,189719.13403847144
1246,211581.96311652215
1247,191114.92919856458
1248,164031.95216558132
1249,171324.64544141036
1250,107084.10070667969
1251,246558.65118732955
1252,194105.52217247192
1253,113801.20650194846
1254,258848.57201953276
1255,209483.37622137315
1256,141451.13197032444
1257,297109.85704815073
1258,79620.0123714876
1259,202532.7860540458
1260,173407.644406004
1261,190311.09866179977
1262,110844.8168691038
1263,132314.0918162036
1264,164516.41793990275
1265,173364.9552778213
1266,185795.27993818457
1267,127715.17181922999
1268,302491.55871506996
1269,355419.7480739102
1270,128162.589890329
1271,244885.28013476892
1272,178929.0906856553
1273,123303.51903178921
1274,170480.39158288614
1275,140673.52760427655
1276,152559.38533276212
1277,162278.66956345167
1278,195084.33129497466
1279,259602.9618867152
1280,88514.93614440922
1281,224526.8735538961
1282,228840.73600161704
1283,157701.21000069886
1284,126551.71481474402
1285,215501.88656209817
1286,121780.43722262658
1287,181296.4657081893
1288,180839.00432673565
1289,239200.8912990775
1290,277172.39035969146
1291,151924.99435057802
1292,115804.39952006428
1293,141083.23996018438
1294,204086.20011062283
1295,134571.5586178112
1296,132393.39144730085
1297,151578.02822095534
1298,151567.03401064684
1299,582884.9902160685
1300,138295.75986398727
1301,242789.14417790162
1302,161364.39100071616
1303,297242.618061119
1304,233345.50120373868
1305,191448.75819081045
1306,299375.49714668724
1307,195172.88502168044
1308,144727.9310256353
1309,144588.62662941386
1310,190793.11186380393
1311,253140.48827710305
1312,218540.47136869555
1313,294875.36757154355
1314,315771.0257843192
1315,98923.14791393925
1316,202827.58856534588
1317,276205.4766722088
1318,182647.31113350985
1319,263239.73397369875
1320,79363.72513196144
1321,177432.73490284386
1322,42098.76284476422
1323,231084.77916152167
1324,65420.83647991781
1325,274819.6853181321
1326,51348.0658461515
1327,51086.72943534222
1328,128544.8584736349
1329,237092.11791729566
1330,207094.789980297
1331,255597.8902745421
1332,113746.1124383311
1333,86094.35071583044
1334,121429.75441006526
1335,129235.35917821358
1336,184419.6253864169
1337,142122.46997269528
1338,31053.2813539496
1339,233537.63291916653
1340,101077.86850884902
1341,113280.45173713633
1342,180587.72176982617
1343,253444.40644995624
1344,173594.37914318574
1345,200235.96709478644
1346,74980.55649518421
1347,264022.30175036954
1348,269406.52721618325
1349,233171.93603210847
1350,181169.66547077993
1351,216366.0505878893
1352,181423.66970923718
1353,155229.51481847462
1354,353129.660430845
1355,240992.841634463
1356,199728.97689403046
1357,96932.56628650246
1358,153412.93336235464
1359,149232.5917379795
1360,313631.0398186598
1361,192309.8736626713
1362,235309.8953523966
1363,101633.47216112804
1364,170667.7658577723
1365,153291.2444765062
1366,211971.74124986766
1367,223493.1846799842
1368,113627.93339300474
1369,155707.47431342554
1370,258909.40767992195
1371,92446.48220277441
1372,186880.5904775681
1373,256952.9881090832
1374,395475.9810470507
1375,240875.6824510986
1376,246551.13182820677
1377,93695.4412068616
1378,136316.62585089396
1379,114066.65664125478
1380,149078.99132916896
1381,49389.85657794832
1382,210956.95934350207
1383,183641.17159635003
1384,154441.88002277986
1385,122078.52595075703
1386,111671.53800439925
1387,301051.7710621211
1388,183298.36085244344
1389,312897.5413786962
1390,143201.78295327158
1391,234822.96893349593
1392,135996.69880980192
1393,111534.37588742166
1394,146583.68712071786
1395,231932.42781101353
1396,284402.66455130785
1397,186160.16970088135
1398,121956.80021201386
1399,148436.32223522197
1400,150787.61400416555
1401,114377.37456078822
1402,209623.85558364447
1403,207520.00664460642
1404,260206.70784001783
1405,85133.89752609818
1406,255160.73259269085
1407,131943.9623120112
1408,105341.91484942455
1409,102278.79811332344
1410,236182.24998722406
1411,218045.35497954907
1412,154270.64938626788
1413,72727.06500860778
1414,284513.7968899485
1415,182340.50474460135
1416,237151.54375461492
1417,113318.31533910164
1418,306016.636351494
1419,114413.41703477678
1420,223856.33204980713
1421,177535.16439991407
1422,140629.17421665532
1423,155679.00115866752
1424,194611.11450387014
1425,154606.75866716538
1426,154911.10278987756
1427,249883.4113439096
1428,139164.2148436506
1429,126273.76090252209
1430,201807.3079783112
1431,178441.17421777864
1432,132484.4245397921
1433,67083.57435880546
1434,212375.33370988187
1435,159758.0237720922
1436,202723.77783423496
1437,99794.35368401857
1438,315256.6973482531
1439,172807.66673254242
1440,196167.0191354106
1441,233478.14405446997
1442,156006.48557336637
1443,327939.9562816479
1444,102806.2014585477
1445,207502.16025216042
1446,120495.63089843967
1447,141086.09713583428
1448,274117.9998029978
1449,100950.98642939444
1450,74882.79164065584
1451,109820.95321895219
1452,248304.27224188327
1453,130406.11255992058
1454,120286.04242592784
1455,208947.5178675297
1456,183994.83345567176
1457,242129.56903437132
1458,224028.8028147372
1459,131349.8648693157
1460,150865.47744197815
